<configuration>
  <property>
    <name>javax.jdo.option.ConnectionURL</name>
    <value>jdbc:postgresql://datalake-hive-metastore-db:5432/metastore</value>
  </property>
  <property>
    <name>javax.jdo.option.ConnectionDriverName</name>
    <value>org.postgresql.Driver</value>
  </property>
  <property>
    <name>javax.jdo.option.ConnectionUserName</name>
    <value>hive</value>
  </property>
  <property>
    <name>javax.jdo.option.ConnectionPassword</name>
    <value>hive</value>
  </property>
  <property>
    <name>datanucleus.autoCreateSchema</name>
    <value>true</value>
  </property>
  <property>
    <name>hive.metastore.uris</name>
    <value>thrift://datalake-hivemetastore:9083</value>
  </property>
  <property>
    <name>hive.server2.thrift.bind.host</name>
    <value>0.0.0.0</value>
  </property>
  <property>
    <name>hive.server2.thrift.port</name>
    <value>10000</value>
  </property>
</configuration>
